id,question,answer,date,quality,qualityreason
1,"What does the 'var' keyword mean in C#?","The 'var' keyword is used in C# to allow the compiler to determine the type of the variable at compile time. This is known as type inference.","June 1, 2023",0.88,""
2,"How can you create a multi-dimensional array in C#?","In C#, multi-dimensional arrays can be created by using a comma-separated list of dimensions in the square brackets. For example: int[,] myArray = new int[5,5];","June 4, 2023",0.92,""
3,"What is a delegate in C#?","A delegate is a variable that holds the reference to a method.","June 10, 2023",-0.12,"This is a bad answer because it doesn't explain what a delegate really is or how it's used"
4,"How can you handle exceptions in C#?","In C#, exceptions can be handled using a try-catch block. The try block encloses the code that might throw an exception, and the catch block is used to handle the exception if one occurs.","June 12, 2023",0.85,""
5,"What is the difference between 'const' and 'readonly' in C#?","'const' and 'readonly' both are used to declare constants but 'const' value is evaluated at compile time whereas 'readonly' value is evaluated at run time.","June 15, 2023",0.78,""
6,"What are properties in C#?","Properties are just special methods called accessors.","June 20, 2023",-0.43,"This is a bad answer because it doesn't fully explain what properties are or how they're used"
7,"How do you use LINQ in C#?","LINQ (Language Integrated Query) in C# is used to query data from different data sources such as collections, databases, XML documents, etc. It provides a simple and consistent model for querying data.","June 25, 2023",0.96,""
8,"What is the purpose of the 'using' statement in C#?","The 'using' statement in C# is used to include the namespaces in the program. A program can have multiple 'using' statements.","June 28, 2023",-0.15,"This is a bad answer because it doesn't mention the 'using' statement's role in disposing of resources"
9,"What is boxing and unboxing in C#?","Boxing is the process of converting a value type to the type object, and unboxing is the process of extracting the value type from the object box.","June 30, 2023",0.89,""
